{
    "metrics": {
        "http_req_duration{expected_response:true}": {
            "p(90)": 90.105,
            "p(95)": 94.8475,
            "avg": 84.0993141876139,
            "min": 74.512,
            "med": 82.6,
            "max": 286.818
        },
        "http_req_blocked": {
            "avg": 0.06544672978212634,
            "min": 0,
            "med": 0.001,
            "max": 208.926,
            "p(90)": 0.001,
            "p(95)": 0.001
        },
        "vus_max": {
            "value": 25,
            "min": 25,
            "max": 25
        },
        "http_reqs": {
            "count": 59996,
            "rate": 99.97856516621076
        },
        "http_req_duration": {
            "p(90)": 90.105,
            "p(95)": 94.8475,
            "avg": 84.0993141876139,
            "min": 74.512,
            "med": 82.6,
            "max": 286.818
        },
        "http_req_tls_handshaking": {
            "p(90)": 0,
            "p(95)": 0,
            "avg": 0.03284058937262484,
            "min": 0,
            "med": 0,
            "max": 93.315
        },
        "data_received": {
            "rate": 30804.691403017223,
            "count": 18485545
        },
        "iterations": {
            "count": 59996,
            "rate": 99.97856516621076
        },
        "iteration_duration": {
            "max": 302.489917,
            "p(90)": 90.343146,
            "p(95)": 95.13881299999997,
            "avg": 84.3680624476468,
            "min": 74.702458,
            "med": 82.8064995
        },
        "http_req_connecting": {
            "med": 0,
            "max": 82.869,
            "p(90)": 0,
            "p(95)": 0,
            "avg": 0.029340372691512767,
            "min": 0
        },
        "http_req_receiving": {
            "max": 17.585,
            "p(90)": 0.097,
            "p(95)": 0.312,
            "avg": 0.11474808320554201,
            "min": 0.007,
            "med": 0.057
        },
        "dropped_iterations": {
            "count": 5,
            "rate": 0.008332102570688942
        },
        "data_sent": {
            "count": 6725810,
            "rate": 11208.027758193079
        },
        "http_req_sending": {
            "min": 0.021,
            "med": 0.154,
            "max": 23.322,
            "p(90)": 0.223,
            "p(95)": 0.255,
            "avg": 0.16623501566771584
        },
        "http_req_waiting": {
            "avg": 83.81833108873954,
            "min": 68.912,
            "med": 82.329,
            "max": 286.597,
            "p(90)": 89.7945,
            "p(95)": 94.49149999999999
        },
        "http_req_failed": {
            "passes": 0,
            "fails": 59996,
            "value": 0
        },
        "checks": {
            "passes": 59996,
            "fails": 0,
            "value": 1
        },
        "vus": {
            "max": 14,
            "value": 8,
            "min": 8
        }
    },
    "root_group": {
        "groups": {},
        "checks": {
                "status is 200": {
                    "id": "6210a8cd14cd70477eba5c5e4cb3fb5f",
                    "passes": 59996,
                    "fails": 0,
                    "name": "status is 200",
                    "path": "::status is 200"
                }
            },
        "name": "",
        "path": "",
        "id": "d41d8cd98f00b204e9800998ecf8427e"
    }
}