{
    "root_group": {
        "name": "",
        "path": "",
        "id": "d41d8cd98f00b204e9800998ecf8427e",
        "groups": {},
        "checks": {
                "status is 200": {
                    "name": "status is 200",
                    "path": "::status is 200",
                    "id": "6210a8cd14cd70477eba5c5e4cb3fb5f",
                    "passes": 59995,
                    "fails": 0
                }
            }
    },
    "metrics": {
        "http_req_waiting": {
            "p(95)": 94.4896,
            "avg": 83.85267435619654,
            "min": 74.551,
            "med": 82.309,
            "max": 192.999,
            "p(90)": 89.546
        },
        "iterations": {
            "count": 59995,
            "rate": 99.97512261675084
        },
        "checks": {
            "passes": 59995,
            "fails": 0,
            "value": 1
        },
        "iteration_duration": {
            "p(90)": 90.0706914,
            "p(95)": 95.08765379999998,
            "avg": 84.38465267135588,
            "min": 74.988709,
            "med": 82.766708,
            "max": 312.536791
        },
        "http_req_duration{expected_response:true}": {
            "avg": 84.12051097591457,
            "min": 74.836,
            "med": 82.571,
            "max": 193.259,
            "p(90)": 89.8546,
            "p(95)": 94.79289999999999
        },
        "http_req_connecting": {
            "avg": 0.0300868405700475,
            "min": 0,
            "med": 0,
            "max": 75.303,
            "p(90)": 0,
            "p(95)": 0
        },
        "vus_max": {
            "value": 26,
            "min": 26,
            "max": 26
        },
        "dropped_iterations": {
            "count": 6,
            "rate": 0.009998345457129845
        },
        "data_sent": {
            "count": 6727110,
            "rate": 11209.994951352126
        },
        "http_req_sending": {
            "min": 0.02,
            "med": 0.151,
            "max": 11.75,
            "p(90)": 0.211,
            "p(95)": 0.235,
            "avg": 0.15908954079506962
        },
        "http_req_receiving": {
            "max": 37.198,
            "p(90)": 0.09,
            "p(95)": 0.20229999999999734,
            "avg": 0.10874707892323784,
            "min": 0.007,
            "med": 0.055
        },
        "http_reqs": {
            "count": 59995,
            "rate": 99.97512261675084
        },
        "data_received": {
            "count": 18490773,
            "rate": 30812.8560372282
        },
        "vus": {
            "min": 7,
            "max": 12,
            "value": 8
        },
        "http_req_tls_handshaking": {
            "avg": 0.034125443786982256,
            "min": 0,
            "med": 0,
            "max": 96.9,
            "p(90)": 0,
            "p(95)": 0
        },
        "http_req_blocked": {
            "avg": 0.06836171347625655,
            "min": 0,
            "med": 0.001,
            "max": 225.017,
            "p(90)": 0.001,
            "p(95)": 0.001
        },
        "http_req_failed": {
            "passes": 0,
            "fails": 59995,
            "value": 0
        },
        "http_req_duration": {
            "med": 82.571,
            "max": 193.259,
            "p(90)": 89.8546,
            "p(95)": 94.79289999999999,
            "avg": 84.12051097591457,
            "min": 74.836
        }
    }
}