{
    "metrics": {
        "http_req_waiting": {
            "p(90)": 96.734,
            "p(95)": 105.60934999999999,
            "avg": 89.80227316910641,
            "min": 73.921,
            "med": 87.468,
            "max": 698.295
        },
        "data_received": {
            "count": 35831031,
            "rate": 59710.75277158074
        },
        "vus_max": {
            "min": 100,
            "max": 100,
            "value": 100
        },
        "http_req_duration": {
            "max": 698.565,
            "p(90)": 96.9347,
            "p(95)": 105.85384999999994,
            "avg": 90.00309601619458,
            "min": 74.048,
            "med": 87.668
        },
        "http_req_duration{expected_response:true}": {
            "max": 698.565,
            "p(90)": 96.9347,
            "p(95)": 105.85384999999994,
            "avg": 90.00309601619458,
            "min": 74.048,
            "med": 87.668
        },
        "http_req_blocked": {
            "avg": 0.12417786186525608,
            "min": 0,
            "med": 0.001,
            "max": 238.728,
            "p(90)": 0.001,
            "p(95)": 0.001
        },
        "http_req_sending": {
            "avg": 0.11768660846985841,
            "min": 0.016,
            "med": 0.107,
            "max": 12.231,
            "p(90)": 0.181,
            "p(95)": 0.209
        },
        "http_req_failed": {
            "passes": 0,
            "fails": 117074,
            "value": 0
        },
        "http_reqs": {
            "count": 117074,
            "rate": 195.09839585637496
        },
        "iterations": {
            "count": 117074,
            "rate": 195.09839585637496
        },
        "iteration_duration": {
            "min": 74.149917,
            "med": 87.811854,
            "max": 874.965542,
            "p(90)": 97.0970705,
            "p(95)": 106.3889817,
            "avg": 90.26565005037638
        },
        "vus": {
            "value": 18,
            "min": 4,
            "max": 40
        },
        "http_req_tls_handshaking": {
            "min": 0,
            "med": 0,
            "max": 103.098,
            "p(90)": 0,
            "p(95)": 0,
            "avg": 0.06416034303090354
        },
        "data_sent": {
            "count": 12743344,
            "rate": 21236.19225657243
        },
        "http_req_receiving": {
            "p(90)": 0.063,
            "p(95)": 0.084,
            "avg": 0.08313623861831744,
            "min": 0.004,
            "med": 0.036,
            "max": 139.544
        },
        "http_req_connecting": {
            "med": 0,
            "max": 77.652,
            "p(90)": 0,
            "p(95)": 0,
            "avg": 0.058718630951364086,
            "min": 0
        },
        "checks": {
            "passes": 117074,
            "fails": 0,
            "value": 1
        }
    },
    "root_group": {
        "name": "",
        "path": "",
        "id": "d41d8cd98f00b204e9800998ecf8427e",
        "groups": {},
        "checks": {
                "status is 200": {
                    "name": "status is 200",
                    "path": "::status is 200",
                    "id": "6210a8cd14cd70477eba5c5e4cb3fb5f",
                    "passes": 117074,
                    "fails": 0
                }
            }
    }
}