{
    "root_group": {
        "checks": {
            "status is 200": {
                "passes": 117063,
                "fails": 1,
                "name": "status is 200",
                "path": "::status is 200",
                "id": "6210a8cd14cd70477eba5c5e4cb3fb5f"
            }
        },
        "name": "",
        "path": "",
        "id": "d41d8cd98f00b204e9800998ecf8427e",
        "groups": {}
    },
    "metrics": {
        "http_req_receiving": {
            "p(90)": 0.072,
            "p(95)": 0.103,
            "avg": 0.09399421683865651,
            "min": 0.004,
            "med": 0.045,
            "max": 139.803
        },
        "http_req_failed": {
            "passes": 1,
            "fails": 117063,
            "value": 0.000008542335816305611
        },
        "vus": {
            "value": 17,
            "min": 3,
            "max": 69
        },
        "dropped_iterations": {
            "count": 10,
            "rate": 0.01666418017656889
        },
        "iteration_duration": {
            "min": 74.180292,
            "med": 85.448292,
            "max": 6573.679334,
            "p(90)": 95.8517664,
            "p(95)": 99.61241885,
            "avg": 89.06944193643596
        },
        "vus_max": {
            "max": 110,
            "value": 110,
            "min": 100
        },
        "http_req_tls_handshaking": {
            "avg": 0.07167475056379417,
            "min": 0,
            "med": 0,
            "max": 103.136,
            "p(90)": 0,
            "p(95)": 0
        },
        "data_sent": {
            "count": 12758834,
            "rate": 21261.550861893313
        },
        "data_received": {
            "count": 35871107,
            "rate": 59776.25901809815
        },
        "http_req_blocked": {
            "avg": 0.142226978405115,
            "min": 0,
            "med": 0.001,
            "max": 257.216,
            "p(90)": 0.001,
            "p(95)": 0.001
        },
        "http_req_duration": {
            "p(95)": 99.28169999999999,
            "avg": 88.76531722818312,
            "min": 74.044,
            "med": 85.273,
            "max": 6573.506,
            "p(90)": 95.652
        },
        "http_req_connecting": {
            "max": 80.975,
            "p(90)": 0,
            "p(95)": 0,
            "avg": 0.06513504578692,
            "min": 0,
            "med": 0
        },
        "checks": {
            "passes": 117063,
            "fails": 1,
            "value": 0.9999914576641837
        },
        "http_reqs": {
            "count": 117064,
            "rate": 195.07755881898603
        },
        "http_req_duration{expected_response:true}": {
            "max": 594.91,
            "p(90)": 95.65180000000001,
            "p(95)": 99.2799,
            "avg": 88.70992192238393,
            "min": 74.044,
            "med": 85.273
        },
        "iterations": {
            "count": 117064,
            "rate": 195.07755881898603
        },
        "http_req_waiting": {
            "avg": 88.54207529214688,
            "min": 73.884,
            "med": 85.0505,
            "max": 6573.327,
            "p(90)": 95.429,
            "p(95)": 99.06669999999998
        },
        "http_req_sending": {
            "min": 0.015,
            "med": 0.125,
            "max": 16.005,
            "p(90)": 0.173,
            "p(95)": 0.199,
            "avg": 0.12924771919633712
        }
    }
}