{
    "root_group": {
        "path": "",
        "id": "d41d8cd98f00b204e9800998ecf8427e",
        "groups": {},
        "checks": {
                "status is 200": {
                    "name": "status is 200",
                    "path": "::status is 200",
                    "id": "6210a8cd14cd70477eba5c5e4cb3fb5f",
                    "passes": 119978,
                    "fails": 0
                }
            },
        "name": ""
    },
    "metrics": {
        "data_sent": {
            "count": 13434950,
            "rate": 22389.445253258877
        },
        "http_req_sending": {
            "p(90)": 0.173,
            "p(95)": 0.194,
            "avg": 0.13470589608095254,
            "min": 0.019,
            "med": 0.13,
            "max": 25.867
        },
        "http_req_waiting": {
            "max": 368.382,
            "p(90)": 97.358,
            "p(95)": 101.64214999999999,
            "avg": 88.40944202270451,
            "min": 74.115,
            "med": 87.057
        },
        "data_received": {
            "rate": 61541.879724862345,
            "count": 36928654
        },
        "vus": {
            "value": 17,
            "min": 15,
            "max": 31
        },
        "vus_max": {
            "value": 42,
            "min": 42,
            "max": 42
        },
        "dropped_iterations": {
            "count": 23,
            "rate": 0.03832967304120627
        },
        "http_reqs": {
            "count": 119978,
            "rate": 199.9442396581672
        },
        "http_req_blocked": {
            "avg": 0.05994828218519465,
            "min": 0,
            "med": 0.001,
            "max": 238.586,
            "p(90)": 0.001,
            "p(95)": 0.001
        },
        "http_req_duration{expected_response:true}": {
            "avg": 88.64605797729618,
            "min": 74.356,
            "med": 87.298,
            "max": 368.594,
            "p(90)": 97.5916,
            "p(95)": 101.8753
        },
        "http_req_receiving": {
            "avg": 0.1019100585107377,
            "min": 0.006,
            "med": 0.049,
            "max": 18.454,
            "p(90)": 0.082,
            "p(95)": 0.124
        },
        "iteration_duration": {
            "avg": 88.88659466001394,
            "min": 74.530667,
            "med": 87.48266699999999,
            "max": 482.749291,
            "p(90)": 97.7858669,
            "p(95)": 102.10580449999999
        },
        "http_req_duration": {
            "p(90)": 97.5916,
            "p(95)": 101.8753,
            "avg": 88.64605797729618,
            "min": 74.356,
            "med": 87.298,
            "max": 368.594
        },
        "iterations": {
            "count": 119978,
            "rate": 199.9442396581672
        },
        "http_req_connecting": {
            "avg": 0.02552562969877811,
            "min": 0,
            "med": 0,
            "max": 83.275,
            "p(90)": 0,
            "p(95)": 0
        },
        "checks": {
            "passes": 119978,
            "fails": 0,
            "value": 1
        },
        "http_req_failed": {
            "passes": 0,
            "fails": 119978,
            "value": 0
        },
        "http_req_tls_handshaking": {
            "avg": 0.029889563086565863,
            "min": 0,
            "med": 0,
            "max": 108.751,
            "p(90)": 0,
            "p(95)": 0
        }
    }
}