{
    "root_group": {
        "name": "",
        "path": "",
        "id": "d41d8cd98f00b204e9800998ecf8427e",
        "groups": {},
        "checks": {
                "status is 200": {
                    "name": "status is 200",
                    "path": "::status is 200",
                    "id": "6210a8cd14cd70477eba5c5e4cb3fb5f",
                    "passes": 119977,
                    "fails": 0
                }
            }
    },
    "metrics": {
        "data_sent": {
            "count": 13434840,
            "rate": 22388.182818129033
        },
        "http_req_blocked": {
            "p(95)": 0.001,
            "avg": 0.06055477299829286,
            "min": 0,
            "med": 0.001,
            "max": 230.764,
            "p(90)": 0.001
        },
        "http_req_tls_handshaking": {
            "med": 0,
            "max": 111.194,
            "p(90)": 0,
            "p(95)": 0,
            "avg": 0.030247514106870488,
            "min": 0
        },
        "iterations": {
            "count": 119977,
            "rate": 199.93293630371983
        },
        "http_req_duration": {
            "max": 994.251,
            "p(90)": 99.2164,
            "p(95)": 104.07319999999999,
            "avg": 90.00331767755463,
            "min": 75.533,
            "med": 88.76
        },
        "http_req_sending": {
            "avg": 0.13592014302741917,
            "min": 0.019,
            "med": 0.131,
            "max": 24.279,
            "p(90)": 0.174,
            "p(95)": 0.195
        },
        "iteration_duration": {
            "avg": 90.24013742849941,
            "min": 75.71775,
            "med": 88.939042,
            "max": 994.403792,
            "p(90)": 99.4024498,
            "p(95)": 104.2952422
        },
        "http_reqs": {
            "count": 119977,
            "rate": 199.93293630371983
        },
        "vus_max": {
            "value": 42,
            "min": 42,
            "max": 42
        },
        "http_req_duration{expected_response:true}": {
            "p(95)": 104.07319999999999,
            "avg": 90.00331767755463,
            "min": 75.533,
            "med": 88.76,
            "max": 994.251,
            "p(90)": 99.2164
        },
        "data_received": {
            "count": 36918596,
            "rate": 61522.15260000471
        },
        "vus": {
            "value": 17,
            "min": 15,
            "max": 25
        },
        "checks": {
            "passes": 119977,
            "fails": 0,
            "value": 1
        },
        "http_req_failed": {
            "passes": 0,
            "fails": 119977,
            "value": 0
        },
        "http_req_waiting": {
            "med": 88.514,
            "max": 994.098,
            "p(90)": 98.952,
            "p(95)": 103.81219999999999,
            "avg": 89.75880341232111,
            "min": 69.325
        },
        "http_req_connecting": {
            "p(95)": 0,
            "avg": 0.026639580919676276,
            "min": 0,
            "med": 0,
            "max": 106.483,
            "p(90)": 0
        },
        "dropped_iterations": {
            "count": 24,
            "rate": 0.03999425282586892
        },
        "http_req_receiving": {
            "avg": 0.1085941222067685,
            "min": 0.006,
            "med": 0.05,
            "max": 24.262,
            "p(90)": 0.085,
            "p(95)": 0.154
        }
    }
}