{
    "root_group": {
        "name": "",
        "path": "",
        "id": "d41d8cd98f00b204e9800998ecf8427e",
        "groups": {},
        "checks": {
                "status is 200": {
                    "fails": 0,
                    "name": "status is 200",
                    "path": "::status is 200",
                    "id": "6210a8cd14cd70477eba5c5e4cb3fb5f",
                    "passes": 6000
                }
            }
    },
    "metrics": {
        "http_req_connecting": {
            "med": 0,
            "max": 70.854,
            "p(90)": 0,
            "p(95)": 0,
            "avg": 0.22832716666666666,
            "min": 0
        },
        "vus_max": {
            "min": 20,
            "max": 20,
            "value": 20
        },
        "http_req_duration{expected_response:true}": {
            "avg": 84.50407816666686,
            "min": 76.34,
            "med": 83.911,
            "max": 151.419,
            "p(90)": 88.72569999999999,
            "p(95)": 90.75305
        },
        "http_reqs": {
            "count": 6000,
            "rate": 9.999298999143665
        },
        "http_req_tls_handshaking": {
            "avg": 0.2538958333333333,
            "min": 0,
            "med": 0,
            "max": 86.132,
            "p(90)": 0,
            "p(95)": 0
        },
        "vus": {
            "max": 2,
            "value": 0,
            "min": 0
        },
        "http_req_failed": {
            "passes": 0,
            "fails": 6000,
            "value": 0
        },
        "checks": {
            "passes": 6000,
            "fails": 0,
            "value": 1
        },
        "iteration_duration": {
            "avg": 85.39963080066683,
            "min": 76.728167,
            "med": 84.3151455,
            "max": 307.7305,
            "p(90)": 89.2067667,
            "p(95)": 91.27774825
        },
        "http_req_sending": {
            "p(90)": 0.384,
            "p(95)": 0.414,
            "avg": 0.31437099999999973,
            "min": 0.061,
            "med": 0.313,
            "max": 3.345
        },
        "http_req_waiting": {
            "max": 136.19,
            "p(90)": 88.26620000000001,
            "p(95)": 90.28715000000001,
            "avg": 84.0288099999999,
            "min": 75.839,
            "med": 83.439
        },
        "http_req_receiving": {
            "med": 0.116,
            "max": 66.213,
            "p(90)": 0.147,
            "p(95)": 0.216,
            "avg": 0.1608971666666679,
            "min": 0.023
        },
        "data_sent": {
            "count": 704300,
            "rate": 1173.7510475161473
        },
        "http_req_duration": {
            "med": 83.911,
            "max": 151.419,
            "p(90)": 88.72569999999999,
            "p(95)": 90.75305,
            "avg": 84.50407816666686,
            "min": 76.34
        },
        "http_req_blocked": {
            "p(90)": 0.002,
            "p(95)": 0.002,
            "avg": 0.49256966666674523,
            "min": 0,
            "med": 0.001,
            "max": 196.871
        },
        "data_received": {
            "count": 1928708,
            "rate": 3214.287995673397
        },
        "iterations": {
            "count": 6000,
            "rate": 9.999298999143665
        }
    }
}