{
    "metrics": {
        "data_sent": {
            "count": 704300,
            "rate": 1174.0624163920197
        },
        "iterations": {
            "rate": 10.001951580792444,
            "count": 6000
        },
        "checks": {
            "passes": 6000,
            "fails": 0,
            "value": 1
        },
        "iteration_duration": {
            "p(95)": 94.1342854,
            "avg": 86.08131221933353,
            "min": 76.598417,
            "med": 84.01627099999999,
            "max": 842.831333,
            "p(90)": 90.2423331
        },
        "http_req_waiting": {
            "p(90)": 89.4653,
            "p(95)": 93.47834999999999,
            "avg": 84.79294933333324,
            "min": 75.78,
            "med": 83.2135,
            "max": 636.903
        },
        "vus_max": {
            "min": 20,
            "max": 20,
            "value": 20
        },
        "data_received": {
            "count": 1929962,
            "rate": 3217.231079461558
        },
        "http_req_sending": {
            "max": 6.072,
            "p(90)": 0.338,
            "p(95)": 0.36,
            "avg": 0.2628833333333327,
            "min": 0.053,
            "med": 0.271
        },
        "http_reqs": {
            "count": 6000,
            "rate": 10.001951580792444
        },
        "http_req_connecting": {
            "avg": 0.23032066666666667,
            "min": 0,
            "med": 0,
            "max": 71.465,
            "p(90)": 0,
            "p(95)": 0
        },
        "http_req_duration": {
            "avg": 85.19312050000015,
            "min": 76.19,
            "med": 83.6045,
            "max": 637.085,
            "p(90)": 89.81280000000001,
            "p(95)": 93.82324999999999
        },
        "http_req_tls_handshaking": {
            "med": 0,
            "max": 100.364,
            "p(90)": 0,
            "p(95)": 0,
            "avg": 0.25956433333333334,
            "min": 0
        },
        "http_req_receiving": {
            "max": 4.862,
            "p(90)": 0.144,
            "p(95)": 0.17704999999999974,
            "avg": 0.13728783333333425,
            "min": 0.02,
            "med": 0.113
        },
        "http_req_failed": {
            "fails": 6000,
            "passes": 0,
            "value": 0
        },
        "http_req_duration{expected_response:true}": {
            "p(95)": 93.82324999999999,
            "avg": 85.19312050000015,
            "min": 76.19,
            "med": 83.6045,
            "max": 637.085,
            "p(90)": 89.81280000000001
        },
        "vus": {
            "value": 0,
            "min": 0,
            "max": 4
        },
        "http_req_blocked": {
            "avg": 0.5015393333334369,
            "min": 0,
            "med": 0.001,
            "max": 212.704,
            "p(90)": 0.002,
            "p(95)": 0.002
        }
    },
    "root_group": {
        "name": "",
        "path": "",
        "id": "d41d8cd98f00b204e9800998ecf8427e",
        "groups": {},
        "checks": {
                "status is 200": {
                    "name": "status is 200",
                    "path": "::status is 200",
                    "id": "6210a8cd14cd70477eba5c5e4cb3fb5f",
                    "passes": 6000,
                    "fails": 0
                }
            }
    }
}