{
    "metrics": {
        "iterations": {
            "rate": 49.99576050082617,
            "count": 30001
        },
        "http_req_duration{expected_response:true}": {
            "min": 76.34,
            "med": 87.849,
            "max": 404.167,
            "p(90)": 94.493,
            "p(95)": 95.925,
            "avg": 88.09680287323823
        },
        "http_req_blocked": {
            "med": 0.001,
            "max": 190.779,
            "p(90)": 0.001,
            "p(95)": 0.001,
            "avg": 0.09810922969249797,
            "min": 0
        },
        "http_req_waiting": {
            "avg": 87.785010099663,
            "min": 72.58,
            "med": 87.551,
            "max": 404.087,
            "p(90)": 94.176,
            "p(95)": 95.632
        },
        "http_reqs": {
            "count": 30001,
            "rate": 49.99576050082617
        },
        "vus_max": {
            "value": 20,
            "min": 20,
            "max": 20
        },
        "http_req_receiving": {
            "avg": 0.11076087463751044,
            "min": 0.008,
            "med": 0.06,
            "max": 6.713,
            "p(90)": 0.106,
            "p(95)": 0.288
        },
        "vus": {
            "value": 4,
            "min": 4,
            "max": 6
        },
        "http_req_tls_handshaking": {
            "avg": 0.048985800473317555,
            "min": 0,
            "med": 0,
            "max": 81.149,
            "p(90)": 0,
            "p(95)": 0
        },
        "http_req_failed": {
            "passes": 0,
            "fails": 30001,
            "value": 0
        },
        "http_req_connecting": {
            "avg": 0.04581200626645779,
            "min": 0,
            "med": 0,
            "max": 71.309,
            "p(90)": 0,
            "p(95)": 0
        },
        "data_sent": {
            "count": 3376610,
            "rate": 5627.018594869993
        },
        "data_received": {
            "count": 9272863,
            "rate": 15452.946158627128
        },
        "iteration_duration": {
            "p(90)": 94.736709,
            "p(95)": 96.168084,
            "avg": 88.42616053288211,
            "min": 76.472208,
            "med": 88.082666,
            "max": 545.909959
        },
        "http_req_duration": {
            "p(90)": 94.493,
            "p(95)": 95.925,
            "avg": 88.09680287323823,
            "min": 76.34,
            "med": 87.849,
            "max": 404.167
        },
        "checks": {
            "passes": 30001,
            "fails": 0,
            "value": 1
        },
        "http_req_sending": {
            "avg": 0.20103189893670173,
            "min": 0.024,
            "med": 0.188,
            "max": 18.533,
            "p(90)": 0.276,
            "p(95)": 0.316
        }
    },
    "root_group": {
        "name": "",
        "path": "",
        "id": "d41d8cd98f00b204e9800998ecf8427e",
        "groups": {},
        "checks": {
                "status is 200": {
                    "path": "::status is 200",
                    "id": "6210a8cd14cd70477eba5c5e4cb3fb5f",
                    "passes": 30001,
                    "fails": 0,
                    "name": "status is 200"
                }
            }
    }
}