{
    "metrics": {
        "dropped_iterations": {
            "count": 7,
            "rate": 0.011665193197229947
        },
        "http_req_failed": {
            "fails": 59993,
            "passes": 1,
            "value": 0.00001666833350001667
        },
        "http_req_tls_handshaking": {
            "avg": 0.036715104843817715,
            "min": 0,
            "med": 0,
            "max": 98.125,
            "p(90)": 0,
            "p(95)": 0
        },
        "http_req_duration{expected_response:true}": {
            "avg": 83.81437236010841,
            "min": 73.909,
            "med": 82.521,
            "max": 289.718,
            "p(90)": 89.333,
            "p(95)": 93.1174
        },
        "http_req_waiting": {
            "avg": 83.76378649531699,
            "min": 73.814,
            "med": 82.254,
            "max": 13216.087,
            "p(90)": 89.016,
            "p(95)": 92.8167
        },
        "data_received": {
            "rate": 30824.026514464204,
            "count": 18496752
        },
        "iteration_duration": {
            "avg": 84.31068889237221,
            "min": 74.028709,
            "med": 82.7220835,
            "max": 13216.542292,
            "p(90)": 89.5555999,
            "p(95)": 93.35019779999999
        },
        "vus_max": {
            "value": 27,
            "min": 27,
            "max": 27
        },
        "http_req_blocked": {
            "p(95)": 0.001,
            "avg": 0.07377762776291515,
            "min": 0,
            "med": 0.001,
            "max": 232.652,
            "p(90)": 0.001
        },
        "http_req_sending": {
            "med": 0.148,
            "max": 18.347,
            "p(90)": 0.216,
            "p(95)": 0.25,
            "avg": 0.16623980731407006,
            "min": 0.019
        },
        "checks": {
            "passes": 59993,
            "fails": 1,
            "value": 0.9999833316665
        },
        "iterations": {
            "count": 59994,
            "rate": 99.97737152494479
        },
        "http_reqs": {
            "rate": 99.97737152494479,
            "count": 59994
        },
        "vus": {
            "min": 7,
            "max": 13,
            "value": 8
        },
        "data_sent": {
            "count": 6729005,
            "rate": 11213.5919071609
        },
        "http_req_connecting": {
            "min": 0,
            "med": 0,
            "max": 86.417,
            "p(90)": 0,
            "p(95)": 0,
            "avg": 0.03216564989832317
        },
        "http_req_receiving": {
            "p(95)": 0.167,
            "avg": 0.10324214088075061,
            "min": 0.006,
            "med": 0.055,
            "max": 16.04,
            "p(90)": 0.09
        },
        "http_req_duration": {
            "max": 13216.266,
            "p(90)": 89.33370000000001,
            "p(95)": 93.118,
            "avg": 84.0332684435108,
            "min": 73.909,
            "med": 82.5215
        }
    },
    "root_group": {
        "id": "d41d8cd98f00b204e9800998ecf8427e",
        "groups": {},
        "checks": {
                "status is 200": {
                    "passes": 59993,
                    "fails": 1,
                    "name": "status is 200",
                    "path": "::status is 200",
                    "id": "6210a8cd14cd70477eba5c5e4cb3fb5f"
                }
            },
        "name": "",
        "path": ""
    }
}