{
    "root_group": {
        "id": "d41d8cd98f00b204e9800998ecf8427e",
        "groups": {},
        "checks": {
                "status is 200": {
                    "name": "status is 200",
                    "path": "::status is 200",
                    "id": "6210a8cd14cd70477eba5c5e4cb3fb5f",
                    "passes": 117074,
                    "fails": 0
                }
            },
        "name": "",
        "path": ""
    },
    "metrics": {
        "data_sent": {
            "count": 12743344,
            "rate": 21235.540550348895
        },
        "data_received": {
            "count": 35818989,
            "rate": 59688.85352086557
        },
        "vus_max": {
            "max": 100,
            "value": 100,
            "min": 100
        },
        "http_req_connecting": {
            "p(90)": 0,
            "p(95)": 0,
            "avg": 0.05910530946239131,
            "min": 0,
            "med": 0,
            "max": 84.488
        },
        "http_req_sending": {
            "avg": 0.12630012641576804,
            "min": 0.017,
            "med": 0.123,
            "max": 19.837,
            "p(90)": 0.157,
            "p(95)": 0.176
        },
        "http_req_duration": {
            "avg": 84.88231692775648,
            "min": 74.498,
            "med": 82.598,
            "max": 493.76,
            "p(90)": 88.798,
            "p(95)": 93.864
        },
        "http_req_duration{expected_response:true}": {
            "avg": 84.88231692775648,
            "min": 74.498,
            "med": 82.598,
            "max": 493.76,
            "p(90)": 88.798,
            "p(95)": 93.864
        },
        "vus": {
            "value": 17,
            "min": 3,
            "max": 37
        },
        "http_req_blocked": {
            "avg": 0.12531000051263627,
            "min": 0,
            "med": 0.001,
            "max": 202.593,
            "p(90)": 0.001,
            "p(95)": 0.001
        },
        "http_req_failed": {
            "passes": 0,
            "fails": 117074,
            "value": 0
        },
        "iteration_duration": {
            "avg": 85.17105344753739,
            "min": 74.68575,
            "med": 82.76218750000001,
            "max": 493.917875,
            "p(90)": 88.998042,
            "p(95)": 94.18953169999999
        },
        "http_req_receiving": {
            "p(90)": 0.07,
            "p(95)": 0.092,
            "avg": 0.09144494934828001,
            "min": 0.004,
            "med": 0.046,
            "max": 114.708
        },
        "checks": {
            "fails": 0,
            "passes": 117074,
            "value": 1
        },
        "iterations": {
            "rate": 195.09240858534045,
            "count": 117074
        },
        "http_req_waiting": {
            "p(90)": 88.5717,
            "p(95)": 93.62134999999999,
            "avg": 84.66457185199015,
            "min": 71.297,
            "med": 82.383,
            "max": 493.599
        },
        "http_req_tls_handshaking": {
            "max": 97.337,
            "p(90)": 0,
            "p(95)": 0,
            "avg": 0.0650098826383313,
            "min": 0,
            "med": 0
        },
        "http_reqs": {
            "rate": 195.09240858534045,
            "count": 117074
        }
    }
}