{
    "root_group": {
        "name": "",
        "path": "",
        "id": "d41d8cd98f00b204e9800998ecf8427e",
        "groups": {},
        "checks": {
                "status is 200": {
                    "name": "status is 200",
                    "path": "::status is 200",
                    "id": "6210a8cd14cd70477eba5c5e4cb3fb5f",
                    "passes": 117074,
                    "fails": 0
                }
            }
    },
    "metrics": {
        "http_req_receiving": {
            "avg": 0.0944251499051947,
            "min": 0.004,
            "med": 0.046,
            "max": 63.741,
            "p(90)": 0.072,
            "p(95)": 0.097
        },
        "data_received": {
            "count": 35820958,
            "rate": 59693.934353253084
        },
        "iteration_duration": {
            "p(90)": 91.72471270000001,
            "p(95)": 100.55879999999998,
            "avg": 86.6129951691585,
            "min": 75.120209,
            "med": 83.30175,
            "max": 509.870291
        },
        "vus_max": {
            "value": 100,
            "min": 100,
            "max": 100
        },
        "vus": {
            "value": 25,
            "min": 3,
            "max": 52
        },
        "http_req_duration": {
            "min": 74.947,
            "med": 83.1275,
            "max": 509.704,
            "p(90)": 91.4807,
            "p(95)": 100.08439999999997,
            "avg": 86.31758282795397
        },
        "http_reqs": {
            "count": 117074,
            "rate": 195.0982905167626
        },
        "http_req_waiting": {
            "avg": 86.09342956591509,
            "min": 70.518,
            "med": 82.904,
            "max": 509.518,
            "p(90)": 91.25,
            "p(95)": 99.81704999999998
        },
        "iterations": {
            "count": 117074,
            "rate": 195.0982905167626
        },
        "http_req_failed": {
            "passes": 0,
            "fails": 117074,
            "value": 0
        },
        "checks": {
            "passes": 117074,
            "fails": 0,
            "value": 1
        },
        "data_sent": {
            "count": 12743344,
            "rate": 21236.1807905004
        },
        "http_req_connecting": {
            "avg": 0.058977492867758816,
            "min": 0,
            "med": 0,
            "max": 81.454,
            "p(90)": 0,
            "p(95)": 0
        },
        "http_req_tls_handshaking": {
            "med": 0,
            "max": 104.458,
            "p(90)": 0,
            "p(95)": 0,
            "avg": 0.06519532090814356,
            "min": 0
        },
        "http_req_duration{expected_response:true}": {
            "max": 509.704,
            "p(90)": 91.4807,
            "p(95)": 100.08439999999997,
            "avg": 86.31758282795397,
            "min": 74.947,
            "med": 83.1275
        },
        "http_req_sending": {
            "avg": 0.12972811213420377,
            "min": 0.017,
            "med": 0.124,
            "max": 18.353,
            "p(90)": 0.164,
            "p(95)": 0.187
        },
        "http_req_blocked": {
            "avg": 0.12565007602043857,
            "min": 0,
            "med": 0.001,
            "max": 233.169,
            "p(90)": 0.001,
            "p(95)": 0.001
        }
    }
}