{
    "root_group": {
        "path": "",
        "id": "d41d8cd98f00b204e9800998ecf8427e",
        "groups": {},
        "checks": {
                "status is 200": {
                    "id": "6210a8cd14cd70477eba5c5e4cb3fb5f",
                    "passes": 117075,
                    "fails": 0,
                    "name": "status is 200",
                    "path": "::status is 200"
                }
            },
        "name": ""
    },
    "metrics": {
        "data_received": {
            "count": 35833284,
            "rate": 59712.76648895912
        },
        "iterations": {
            "count": 117075,
            "rate": 195.0943747353686
        },
        "vus_max": {
            "min": 100,
            "max": 100,
            "value": 100
        },
        "http_reqs": {
            "rate": 195.0943747353686,
            "count": 117075
        },
        "http_req_sending": {
            "min": 0.016,
            "med": 0.124,
            "max": 20.823,
            "p(90)": 0.171,
            "p(95)": 0.197,
            "avg": 0.13017842408712282
        },
        "http_req_waiting": {
            "avg": 84.5529290369424,
            "min": 65.855,
            "med": 81.441,
            "max": 481.628,
            "p(90)": 88.6226,
            "p(95)": 95.977
        },
        "data_sent": {
            "count": 12743450,
            "rate": 21235.74981611303
        },
        "http_req_tls_handshaking": {
            "avg": 0.06795112534699979,
            "min": 0,
            "med": 0,
            "max": 132.008,
            "p(90)": 0,
            "p(95)": 0
        },
        "vus": {
            "value": 16,
            "min": 3,
            "max": 61
        },
        "http_req_duration": {
            "avg": 84.76837185564807,
            "min": 73.646,
            "med": 81.652,
            "max": 482.71,
            "p(90)": 88.848,
            "p(95)": 96.23919999999998
        },
        "http_req_receiving": {
            "med": 0.045,
            "max": 66.156,
            "p(90)": 0.071,
            "p(95)": 0.096,
            "avg": 0.08526439461883858,
            "min": 0.004
        },
        "http_req_failed": {
            "passes": 0,
            "fails": 117075,
            "value": 0
        },
        "http_req_duration{expected_response:true}": {
            "max": 482.71,
            "p(90)": 88.848,
            "p(95)": 96.23919999999998,
            "avg": 84.76837185564807,
            "min": 73.646,
            "med": 81.652
        },
        "http_req_connecting": {
            "avg": 0.06202717061712575,
            "min": 0,
            "med": 0,
            "max": 130.985,
            "p(90)": 0,
            "p(95)": 0
        },
        "iteration_duration": {
            "p(90)": 89.04697540000001,
            "p(95)": 96.64885819999999,
            "avg": 85.06230105467566,
            "min": 73.739625,
            "med": 81.814209,
            "max": 614.348958
        },
        "http_req_blocked": {
            "avg": 0.13139930813594428,
            "min": 0,
            "med": 0.001,
            "max": 235.964,
            "p(90)": 0.001,
            "p(95)": 0.001
        },
        "checks": {
            "passes": 117075,
            "fails": 0,
            "value": 1
        }
    }
}