{
    "root_group": {
        "name": "",
        "path": "",
        "id": "d41d8cd98f00b204e9800998ecf8427e",
        "groups": {},
        "checks": {
                "status is 200": {
                    "passes": 59977,
                    "fails": 0,
                    "name": "status is 200",
                    "path": "::status is 200",
                    "id": "6210a8cd14cd70477eba5c5e4cb3fb5f"
                }
            }
    },
    "metrics": {
        "iterations": {
            "count": 59977,
            "rate": 99.95081850458027
        },
        "http_req_duration": {
            "max": 569.001,
            "p(90)": 95.8794,
            "p(95)": 100.78299999999999,
            "avg": 89.03776294246178,
            "min": 75.519,
            "med": 85.852
        },
        "iteration_duration": {
            "max": 705.2265,
            "p(90)": 96.1031,
            "p(95)": 101.11097479999998,
            "avg": 89.37700231345282,
            "min": 75.7225,
            "med": 86.052291
        },
        "http_req_receiving": {
            "p(95)": 0.162,
            "avg": 0.10917725127965323,
            "min": 0.005,
            "med": 0.052,
            "max": 58.194,
            "p(90)": 0.09
        },
        "http_req_failed": {
            "passes": 0,
            "fails": 59977,
            "value": 0
        },
        "checks": {
            "passes": 59977,
            "fails": 0,
            "value": 1
        },
        "http_req_blocked": {
            "p(95)": 0.001,
            "avg": 0.1470194241127322,
            "min": 0,
            "med": 0.001,
            "max": 617.558,
            "p(90)": 0.001
        },
        "data_sent": {
            "count": 6754760,
            "rate": 11256.711586141331
        },
        "data_received": {
            "count": 18545342,
            "rate": 30905.548999572668
        },
        "http_reqs": {
            "count": 59977,
            "rate": 99.95081850458027
        },
        "http_req_duration{expected_response:true}": {
            "p(90)": 95.8794,
            "p(95)": 100.78299999999999,
            "avg": 89.03776294246178,
            "min": 75.519,
            "med": 85.852,
            "max": 569.001
        },
        "http_req_tls_handshaking": {
            "p(90)": 0,
            "p(95)": 0,
            "avg": 0.06145992630508361,
            "min": 0,
            "med": 0,
            "max": 112.364
        },
        "http_req_sending": {
            "p(90)": 0.215,
            "p(95)": 0.245,
            "avg": 0.15576104173266553,
            "min": 0.018,
            "med": 0.145,
            "max": 16.209
        },
        "dropped_iterations": {
            "count": 23,
            "rate": 0.038329173276511766
        },
        "http_req_waiting": {
            "avg": 88.77282464944881,
            "min": 74.452,
            "med": 85.588,
            "max": 568.787,
            "p(90)": 95.6314,
            "p(95)": 100.4832
        },
        "vus": {
            "value": 9,
            "min": 8,
            "max": 20
        },
        "vus_max": {
            "max": 42,
            "value": 42,
            "min": 26
        },
        "http_req_connecting": {
            "min": 0,
            "med": 0,
            "max": 538.074,
            "p(90)": 0,
            "p(95)": 0,
            "avg": 0.08160804975240508
        }
    }
}