{
    "root_group": {
        "name": "",
        "path": "",
        "id": "d41d8cd98f00b204e9800998ecf8427e",
        "groups": {},
        "checks": {
                "status is 200": {
                    "name": "status is 200",
                    "path": "::status is 200",
                    "id": "6210a8cd14cd70477eba5c5e4cb3fb5f",
                    "passes": 12000,
                    "fails": 0
                }
            }
    },
    "metrics": {
        "data_sent": {
            "count": 1372700,
            "rate": 2287.688076578911
        },
        "http_req_receiving": {
            "avg": 0.14609766666666735,
            "min": 0.013,
            "med": 0.084,
            "max": 5.17,
            "p(90)": 0.159,
            "p(95)": 0.348
        },
        "checks": {
            "passes": 12000,
            "fails": 0,
            "value": 1
        },
        "http_req_waiting": {
            "p(90)": 88.6083,
            "p(95)": 91.51910000000001,
            "avg": 84.54629358333351,
            "min": 64.053,
            "med": 83.6305,
            "max": 465.987
        },
        "iteration_duration": {
            "p(95)": 92.3877729,
            "avg": 85.5353041710832,
            "min": 76.718875,
            "med": 84.36543750000001,
            "max": 468.95575,
            "p(90)": 89.3812959
        },
        "http_reqs": {
            "count": 12000,
            "rate": 19.99873018062718
        },
        "http_req_failed": {
            "passes": 0,
            "fails": 12000,
            "value": 0
        },
        "http_req_sending": {
            "min": 0.04,
            "med": 0.248,
            "max": 20.509,
            "p(90)": 0.421,
            "p(95)": 0.533,
            "avg": 0.28251366666666683
        },
        "data_received": {
            "count": 3764650,
            "rate": 6274.0182978748435
        },
        "iterations": {
            "count": 12000,
            "rate": 19.99873018062718
        },
        "http_req_blocked": {
            "med": 0.001,
            "max": 219.94,
            "p(90)": 0.002,
            "p(95)": 0.002,
            "avg": 0.25140508333347006,
            "min": 0
        },
        "http_req_duration{expected_response:true}": {
            "avg": 84.97490491666686,
            "min": 76.553,
            "med": 84.063,
            "max": 468.604,
            "p(90)": 89.0536,
            "p(95)": 92.03115000000001
        },
        "vus": {
            "value": 1,
            "min": 1,
            "max": 5
        },
        "vus_max": {
            "value": 20,
            "min": 20,
            "max": 20
        },
        "http_req_duration": {
            "avg": 84.97490491666686,
            "min": 76.553,
            "med": 84.063,
            "max": 468.604,
            "p(90)": 89.0536,
            "p(95)": 92.03115000000001
        },
        "http_req_tls_handshaking": {
            "avg": 0.12744808333333335,
            "min": 0,
            "med": 0,
            "max": 86.604,
            "p(90)": 0,
            "p(95)": 0
        },
        "http_req_connecting": {
            "med": 0,
            "max": 77.925,
            "p(90)": 0,
            "p(95)": 0,
            "avg": 0.11587208333333335,
            "min": 0
        }
    }
}