{
    "metrics": {
        "http_req_duration": {
            "avg": 84.0688398466795,
            "min": 75.299,
            "med": 83.29,
            "max": 311.467,
            "p(90)": 88.438,
            "p(95)": 90.845
        },
        "checks": {
            "passes": 12001,
            "fails": 0,
            "value": 1
        },
        "data_sent": {
            "count": 1372810,
            "rate": 2287.6572109018794
        },
        "http_req_waiting": {
            "p(95)": 90.488,
            "avg": 83.69737455212095,
            "min": 75.093,
            "med": 82.921,
            "max": 311.325,
            "p(90)": 88.048
        },
        "iterations": {
            "rate": 19.998524331869273,
            "count": 12001
        },
        "data_received": {
            "count": 3765920,
            "rate": 6275.547267050507
        },
        "http_req_tls_handshaking": {
            "avg": 0.12617006916090326,
            "min": 0,
            "med": 0,
            "max": 79.75,
            "p(90)": 0,
            "p(95)": 0
        },
        "http_req_receiving": {
            "avg": 0.13869110907424467,
            "min": 0.012,
            "med": 0.088,
            "max": 7.212,
            "p(90)": 0.15,
            "p(95)": 0.289
        },
        "http_req_blocked": {
            "med": 0.001,
            "max": 213.817,
            "p(90)": 0.002,
            "p(95)": 0.002,
            "avg": 0.24758520123337152,
            "min": 0
        },
        "http_req_connecting": {
            "min": 0,
            "med": 0,
            "max": 69.335,
            "p(90)": 0,
            "p(95)": 0,
            "avg": 0.11334788767602699
        },
        "http_req_failed": {
            "passes": 0,
            "fails": 12001,
            "value": 0
        },
        "iteration_duration": {
            "max": 451.128917,
            "p(90)": 88.753,
            "p(95)": 91.151834,
            "avg": 84.61309678660072,
            "min": 75.515792,
            "med": 83.594917
        },
        "http_reqs": {
            "count": 12001,
            "rate": 19.998524331869273
        },
        "http_req_sending": {
            "min": 0.042,
            "med": 0.219,
            "max": 1.689,
            "p(90)": 0.34,
            "p(95)": 0.375,
            "avg": 0.23277418548454334
        },
        "vus_max": {
            "value": 20,
            "min": 20,
            "max": 20
        },
        "http_req_duration{expected_response:true}": {
            "p(90)": 88.438,
            "p(95)": 90.845,
            "avg": 84.0688398466795,
            "min": 75.299,
            "med": 83.29,
            "max": 311.467
        },
        "vus": {
            "value": 1,
            "min": 1,
            "max": 4
        }
    },
    "root_group": {
        "groups": {},
        "checks": {
                "status is 200": {
                    "path": "::status is 200",
                    "id": "6210a8cd14cd70477eba5c5e4cb3fb5f",
                    "passes": 12001,
                    "fails": 0,
                    "name": "status is 200"
                }
            },
        "name": "",
        "path": "",
        "id": "d41d8cd98f00b204e9800998ecf8427e"
    }
}