{
    "metrics": {
        "http_req_tls_handshaking": {
            "med": 0,
            "max": 92.775,
            "p(90)": 0,
            "p(95)": 0,
            "avg": 0.03523396062874001,
            "min": 0
        },
        "checks": {
            "passes": 59987,
            "fails": 6,
            "value": 0.999899988331972
        },
        "http_reqs": {
            "count": 59993,
            "rate": 99.97355224363412
        },
        "http_req_duration": {
            "avg": 88.33215715166689,
            "min": 74.316,
            "med": 86.083,
            "max": 403.423,
            "p(90)": 95.4258,
            "p(95)": 99.03419999999998
        },
        "iterations": {
            "count": 59993,
            "rate": 99.97355224363412
        },
        "vus_max": {
            "value": 27,
            "min": 27,
            "max": 27
        },
        "http_req_receiving": {
            "p(90)": 0.079,
            "p(95)": 0.101,
            "avg": 0.09369641458169524,
            "min": 0.006,
            "med": 0.049,
            "max": 31.882
        },
        "data_sent": {
            "count": 6728965,
            "rate": 11213.2837826594
        },
        "http_req_waiting": {
            "min": 71.033,
            "med": 85.848,
            "max": 403.147,
            "p(90)": 95.201,
            "p(95)": 98.7774,
            "avg": 88.09230325204638
        },
        "data_received": {
            "count": 18490101,
            "rate": 30812.279404490047
        },
        "vus": {
            "value": 8,
            "min": 7,
            "max": 18
        },
        "http_req_connecting": {
            "avg": 0.03124129481772874,
            "min": 0,
            "med": 0,
            "max": 85.082,
            "p(90)": 0,
            "p(95)": 0
        },
        "http_req_sending": {
            "p(95)": 0.216,
            "avg": 0.1461574850399227,
            "min": 0.017,
            "med": 0.137,
            "max": 18.701,
            "p(90)": 0.193
        },
        "http_req_blocked": {
            "avg": 0.07171128298316644,
            "min": 0,
            "med": 0.001,
            "max": 225.48,
            "p(90)": 0.001,
            "p(95)": 0.001
        },
        "iteration_duration": {
            "avg": 88.58067385866727,
            "min": 74.493166,
            "med": 86.267958,
            "max": 403.619708,
            "p(90)": 95.610617,
            "p(95)": 99.27676679999999
        },
        "dropped_iterations": {
            "count": 7,
            "rate": 0.011664942004991229
        },
        "http_req_duration{expected_response:true}": {
            "p(90)": 95.425,
            "p(95)": 99.01929999999999,
            "avg": 88.3293075666386,
            "min": 74.316,
            "med": 86.083,
            "max": 403.423
        },
        "http_req_failed": {
            "passes": 6,
            "fails": 59987,
            "value": 0.0001000116680279366
        }
    },
    "root_group": {
        "id": "d41d8cd98f00b204e9800998ecf8427e",
        "groups": {},
        "checks": {
                "status is 200": {
                    "name": "status is 200",
                    "path": "::status is 200",
                    "id": "6210a8cd14cd70477eba5c5e4cb3fb5f",
                    "passes": 59987,
                    "fails": 6
                }
            },
        "name": "",
        "path": ""
    }
}