{
    "metrics": {
        "http_req_failed": {
            "passes": 53,
            "fails": 59926,
            "value": 0.0008836426082462195
        },
        "http_req_waiting": {
            "max": 627.666,
            "p(90)": 94.913,
            "p(95)": 98.82369999999997,
            "avg": 88.69750424315225,
            "min": 73.429,
            "med": 86.182
        },
        "data_received": {
            "count": 18546884,
            "rate": 30908.34623291713
        },
        "http_req_duration": {
            "med": 86.456,
            "max": 627.774,
            "p(90)": 95.175,
            "p(95)": 99.09419999999999,
            "avg": 88.96030072191859,
            "min": 74.605
        },
        "vus_max": {
            "value": 42,
            "min": 28,
            "max": 42
        },
        "iterations": {
            "count": 59979,
            "rate": 99.9548872308759
        },
        "http_req_sending": {
            "avg": 0.15390006502276093,
            "min": 0.018,
            "med": 0.141,
            "max": 11.325,
            "p(90)": 0.209,
            "p(95)": 0.241
        },
        "iteration_duration": {
            "med": 86.660292,
            "max": 794.473208,
            "p(90)": 95.3847164,
            "p(95)": 99.386175,
            "avg": 89.30645107971196,
            "min": 74.680875
        },
        "dropped_iterations": {
            "count": 22,
            "rate": 0.0366629573530614
        },
        "http_reqs": {
            "count": 59979,
            "rate": 99.9548872308759
        },
        "http_req_blocked": {
            "avg": 0.15401620567213403,
            "min": 0,
            "med": 0.001,
            "max": 499.521,
            "p(90)": 0.001,
            "p(95)": 0.001
        },
        "http_req_tls_handshaking": {
            "min": 0,
            "med": 0,
            "max": 176.74,
            "p(90)": 0,
            "p(95)": 0,
            "avg": 0.06228913453041896
        },
        "data_sent": {
            "count": 6754280,
            "rate": 11255.994526847071
        },
        "http_req_connecting": {
            "p(95)": 0,
            "avg": 0.07939212057553478,
            "min": 0,
            "med": 0,
            "max": 295.084,
            "p(90)": 0
        },
        "http_req_receiving": {
            "p(90)": 0.087,
            "p(95)": 0.139,
            "avg": 0.1088964137448044,
            "min": 0.007,
            "med": 0.051,
            "max": 99.702
        },
        "vus": {
            "value": 8,
            "min": 8,
            "max": 20
        },
        "checks": {
            "passes": 59926,
            "fails": 53,
            "value": 0.9991163573917538
        },
        "http_req_duration{expected_response:true}": {
            "avg": 88.95967546640777,
            "min": 74.605,
            "med": 86.449,
            "max": 627.774,
            "p(90)": 95.175,
            "p(95)": 99.08874999999999
        }
    },
    "root_group": {
        "name": "",
        "path": "",
        "id": "d41d8cd98f00b204e9800998ecf8427e",
        "groups": {},
        "checks": {
                "status is 200": {
                    "path": "::status is 200",
                    "id": "6210a8cd14cd70477eba5c5e4cb3fb5f",
                    "passes": 59926,
                    "fails": 53,
                    "name": "status is 200"
                }
            }
    }
}