{
    "metrics": {
        "http_req_connecting": {
            "p(90)": 0,
            "p(95)": 0,
            "avg": 0.0362884717962395,
            "min": 0,
            "med": 0,
            "max": 192.231
        },
        "data_received": {
            "count": 18491229,
            "rate": 30814.72803641301
        },
        "checks": {
            "passes": 59992,
            "fails": 0,
            "value": 1
        },
        "vus_max": {
            "value": 29,
            "min": 26,
            "max": 29
        },
        "dropped_iterations": {
            "count": 9,
            "rate": 0.014998059476074688
        },
        "http_reqs": {
            "count": 59992,
            "rate": 99.97373156540807
        },
        "http_req_duration": {
            "avg": 87.81279583944536,
            "min": 74.06,
            "med": 85.711,
            "max": 433.741,
            "p(90)": 94.3059,
            "p(95)": 98.00634999999998
        },
        "iteration_duration": {
            "p(90)": 94.4946083,
            "p(95)": 98.20993314999998,
            "avg": 88.07969682290947,
            "min": 74.25175,
            "med": 85.8992705,
            "max": 437.398584
        },
        "http_req_waiting": {
            "min": 73.866,
            "med": 85.467,
            "max": 433.548,
            "p(90)": 94.058,
            "p(95)": 97.7207,
            "avg": 87.56323148086439
        },
        "http_req_blocked": {
            "min": 0,
            "med": 0.001,
            "max": 342.846,
            "p(90)": 0.001,
            "p(95)": 0.001,
            "avg": 0.07830355714110722
        },
        "http_req_tls_handshaking": {
            "avg": 0.03782854380584078,
            "min": 0,
            "med": 0,
            "max": 96.207,
            "p(90)": 0,
            "p(95)": 0
        },
        "data_sent": {
            "count": 6732690,
            "rate": 11219.698339330365
        },
        "vus": {
            "value": 9,
            "min": 7,
            "max": 21
        },
        "http_req_duration{expected_response:true}": {
            "p(95)": 98.00634999999998,
            "avg": 87.81279583944536,
            "min": 74.06,
            "med": 85.711,
            "max": 433.741,
            "p(90)": 94.3059
        },
        "http_req_failed": {
            "passes": 0,
            "fails": 59992,
            "value": 0
        },
        "http_req_receiving": {
            "avg": 0.09473094745965525,
            "min": 0.005,
            "med": 0.051,
            "max": 53.556,
            "p(90)": 0.085,
            "p(95)": 0.114
        },
        "iterations": {
            "count": 59992,
            "rate": 99.97373156540807
        },
        "http_req_sending": {
            "avg": 0.1548334111214844,
            "min": 0.017,
            "med": 0.145,
            "max": 12.658,
            "p(90)": 0.213,
            "p(95)": 0.244
        }
    },
    "root_group": {
        "name": "",
        "path": "",
        "id": "d41d8cd98f00b204e9800998ecf8427e",
        "groups": {},
        "checks": {
                "status is 200": {
                    "name": "status is 200",
                    "path": "::status is 200",
                    "id": "6210a8cd14cd70477eba5c5e4cb3fb5f",
                    "passes": 59992,
                    "fails": 0
                }
            }
    }
}